B07F1CS72J, 3H, Wild Fish Oil Omega 3 Supplement with DPA DHA & EPA Wild Caught U.S. Processed - Burp Less Non-GMO Gluten Free & Purity Tested - 60 Soft gels - Heart Brain & Joint Support
X002SU99IP, 2G, X002SU99IP_decoy_object
B0030HMQX4, 1E, Rite Aid 24 Hour Loratadine 10 mg Allergy Relief Tablets 10mg - 120 Count | Non-Drowsy Allergy Pills | Non-Drowsy Allergy Medicine
B0011DOPYW, 4H, B0011DOPYW_decoy_object
B07VHRV8RX, 2H, REALINN USB 2D QR Barcode Scanner Wired Automatic Handheld Code Reader Dustproof Waterproof Shockproof Plug and Play Fast and Precise for Mobile Payment Store Supermarket Warehouse
B007N04X3K, 1H, Officemate Achieva Small Pencil Cup Recycled Black (26242)
B00QEY3X8M, 4E, InterDesign Axis Suction Sponge Cradle Grey
B016BS49ZQ, 1E, Nerf Dog Bash Ball Dog Toy with Interactive LED Lightweight Durable and Water Resistant 3.5 Inches for Medium/Large Breeds Single Unit Green
B003YQ04KS, 2F, Maui Island Secret Browning Formula 8 oz.
X001DJIBP9, 3F, X001DJIBP9_decoy_object
B073ZKH6S2, 3F, Johnson’s Baby Bed Time Powder (500g) 7010883
X001JV3SNL, 1F, X001JV3SNL_decoy_object
B00VVNILBU, 1F, B00VVNILBU_decoy_object
B004R68YSS, 3H, Neuro-PS Gold DHA Helps Support Memory* 90 ct by Puritan's Pride
B01ENMEXO4, 2E, HumanN SuperBeets Black Cherry - Beet Root Powder - Nitric Oxide Boost for Blood Pressure Circulation & Heart Health Support - Non-GMO Superfood Supplement - Natural Black Cherry Flavor 30 Servings
B07RPCFSNK, 4F, PURA D'OR Organic Aloe Vera Gel Lavender (16oz) All Natural - ZERO Artificial Preservatives - Deeply Hydrating & Moisturizing - Sunburn Bug Bites Rashes Small Cuts Eczema Relief - For Skin & Hair
X002371AAN, 1F, X002371AAN_decoy_object
B0749VCTFB, 3H, MAM Perfect Night Baby Pacifier Patented Nipple Glows in the Dark 2 Pack 0-6 Months Boy
B0746KJSLK, 2G, HAPTIME Apple Watch Stand Charging Dock and Cell Phone Tablet Stand Holder fit 38mm and 42mm Apple Watch Edition Sport Series 1 2 iPhone 7 Plus 6 6s Plus 6SE 5 5s 5C iPad Mini Air Pro 2 3 4 (White)
X002M826XD, 4G, X002M826XD_decoy_object
B00H3VQ8T6, 2F, Mulling Spice
X001VKU5T5, 1H, X001VKU5T5_decoy_object
X0030UCYED, 3F, X0030UCYED_decoy_object
B00098II02, 4F, B00098II02_decoy_object
B0041KEUJM, 3G, Chuckit The Whistler Chuck-It Ball Dog Toy Medium 2-Pack
B07V3L3CK3, 1G, Blue Balloons Garland Arch Kit Blue Silver and White Balloons Blue Birthday Decorations Wedding Party Baby Shower Balloon Garland Kit Blue
X001US92V5, 4H, X001US92V5_decoy_object
B001PIXW8I, 2E, Westcott® X-Ray Kids Scissors 5" Blunt Assorted Colors
X002IA7XPL, 2F, X002IA7XPL_decoy_object
B00J8ET8IO, 4F, NOW Supplements Sunflower Lecithin with naturally occurring Phosphatidyl Choline and Other Phosphatides Liquid 16-Ounce
B000052XIB, 3E, Vagisil Maximum Strength Feminine Anti-Itch Cream with Benzocaine for Women Helps Relieve Yeast Infection Irritation Gynecologist Tested Fast-acting Soothes and Cools Skin 1 oz
B07QBDBKHF, 3E, Urea 40% Percent Ultimate Foot Repair Cream & Dry Cracked Heel Treatment | Corn & Callus Remover Unscented Aloe Vera Cocoa & Shea Butter Moisturizer | Dry Dead Skin Remover for Feet
X0020RQ7HR, 2H, X0020RQ7HR_decoy_object
B005KINHVG, 4E, B005KINHVG_decoy_object
B000056I88, 1H, L'il Critters Gummy Vites 70 ct
B004LVW8TU, 4G, NOW Supplements Niacin (Vitamin B-3) 500 mg Essential B-Group Vitamin* Nutritional Health 100 Capsules
B00136X3VS, 4G, B00136X3VS_decoy_object
B00H3R4MNE, 1F, B00H3R4MNE_decoy_object
B07SW81JRV, 4H, Rite Aid Pharmacy Ibuprofen 200 mg - 500 Coated Brown Caplets - Pain Reliever and Fever Reducer - Migraine Relief - Back Pain Relief - Arthritis Pain Relief Pills - Pain Killer
B0001VKD0K, 3E, Jarrow Formulas Methyl B12 Lozenges 5000Mcg 60 Tablets
B00FX6QNL6, 2E, Klaire Labs Digestive Enzymes - Powerful Microbial-Based Amylase Protease Lactase Lipase & Cellulase Enzyme Blend for Gas & Bloating (180 Capsules)
B009OLQPDM, 4G, Nylon 6/6 Flat Washer Plain Finish Off-White 5/16" Hole Size 0.34" ID 0.74" OD 0.06" Nominal Thickness (Pack of 100)
B000EFPEMA, 3F, Adams Vehicle Mileage Journal  3.25 x 6.25 Inches White (AFR10)
B0005Z753A, 3H, McCormick Gourmet All Natural Chives 0.12 oz
B00NCMMNZS, 3G, Crucial 8Gb Ddr3-1600 Sodimm
B0185DMCWC, 2F, Bell Sports Kickstand Adjustable Fits Most Bikes From 12 In. To 26 In.
