,ASIN,Item Attribute,Amazon Link
1,B000B626ZK,CanRoll,https://www.amazon.com/dp/B000B626ZK/
2,B000FDP9XK,CanRoll,https://www.amazon.com/dp/B000FDP9XK/
3,B000GG87MG,CanRoll,https://www.amazon.com/dp/B000GG87MG/
4,B000LNS2HE,CanRoll,https://www.amazon.com/dp/B000LNS2HE/
5,B001268TE0,CanRoll,https://www.amazon.com/dp/B001268TE0/
6,B001AV9BJY,CanRoll,https://www.amazon.com/dp/B001AV9BJY/
7,B002AK5K7G,CanRoll,https://www.amazon.com/dp/B002AK5K7G/
8,B002DYJ00C,CanRoll,https://www.amazon.com/dp/B002DYJ00C/
9,B00421MNIU,CanRoll,https://www.amazon.com/dp/B00421MNIU/
10,B005G9E9AW,CanRoll,https://www.amazon.com/dp/B005G9E9AW/
11,B0096F5HSK,CanRoll,https://www.amazon.com/dp/B0096F5HSK/
12,B00BWXI1L4,CanRoll,https://www.amazon.com/dp/B00BWXI1L4/
13,B00FWUEITC,CanRoll,https://www.amazon.com/dp/B00FWUEITC/
14,B00MGNMMHI,CanRoll,https://www.amazon.com/dp/B00MGNMMHI/
15,B01HOHBWOY,CanRoll,https://www.amazon.com/dp/B01HOHBWOY/
16,B06VSN5CR7,CanRoll,https://www.amazon.com/dp/B06VSN5CR7/
17,B074P575HM,CanRoll,https://www.amazon.com/dp/B074P575HM/
18,B07BHTJGS5,CanRoll,https://www.amazon.com/dp/B07BHTJGS5/
19,B07CJL9QLM,CanRoll,https://www.amazon.com/dp/B07CJL9QLM/
20,B07K8S56YS,CanRoll,https://www.amazon.com/dp/B07K8S56YS/
21,B07WJHY3P9,CanRoll,https://www.amazon.com/dp/B07WJHY3P9/
22,B0857Z9QD3,CanRoll,https://www.amazon.com/dp/B0857Z9QD3/
23,B0859YKZP6,CanRoll,https://www.amazon.com/dp/B0859YKZP6/
24,B086CDKQC8,CanRoll,https://www.amazon.com/dp/B086CDKQC8/
25,B0005Z753A,CanRoll,https://www.amazon.com/dp/B0005Z753A/
26,B001B0V5GG,CanRoll,https://www.amazon.com/dp/B001B0V5GG/
27,B003D7CMO4,CanRoll,https://www.amazon.com/dp/B003D7CMO4/
28,B01LZK5NAJ,CanRoll,https://www.amazon.com/dp/B01LZK5NAJ/
29,B07HGQF89J,CanRoll,https://www.amazon.com/dp/B07HGQF89J/
30,B07VGLSNCC,CanRoll,https://www.amazon.com/dp/B07VGLSNCC/
31,B082YPZMTB,CanRoll,https://www.amazon.com/dp/B082YPZMTB/
32,B08RCT4YNZ,CanRoll,https://www.amazon.com/dp/B08RCT4YNZ/
33,B08TTLGL4N,CanRoll,https://www.amazon.com/dp/B08TTLGL4N/
34,B000BQO80G,CanRoll,https://www.amazon.com/dp/B000BQO80G/
35,B000OR0ZMM,CanRoll,https://www.amazon.com/dp/B000OR0ZMM/
36,B001V5LCC8,CanRoll,https://www.amazon.com/dp/B001V5LCC8/
37,B003B3N5YG,CanRoll,https://www.amazon.com/dp/B003B3N5YG/
38,B00B84RNGQ,CanRoll,https://www.amazon.com/dp/B00B84RNGQ/
39,B00CF5T4OG,CanRoll,https://www.amazon.com/dp/B00CF5T4OG/
40,B00F5UXZVQ,CanRoll,https://www.amazon.com/dp/B00F5UXZVQ/
41,B01ECGX2SE,CanRoll,https://www.amazon.com/dp/B01ECGX2SE/
42,B07N11DX62,CanRoll,https://www.amazon.com/dp/B07N11DX62/
43,B07PXTBCB4,CanRoll,https://www.amazon.com/dp/B07PXTBCB4/
44,B07X56JL53,CanRoll,https://www.amazon.com/dp/B07X56JL53/
45,B087YHVXTW,CanRoll,https://www.amazon.com/dp/B087YHVXTW/
46,B08BTMB75G,CanRoll,https://www.amazon.com/dp/B08BTMB75G/
47,B09DYVVJW6,CanRoll,https://www.amazon.com/dp/B09DYVVJW6/
48,B008CFOE66,CanRoll,https://www.amazon.com/dp/B008CFOE66/
49,B072K6KH6V,CanRoll,https://www.amazon.com/dp/B072K6KH6V/
50,B07XP6ND7Y,CanRoll,https://www.amazon.com/dp/B07XP6ND7Y/
51,B088CLDV3K,CanRoll,https://www.amazon.com/dp/B088CLDV3K/
52,B000TN9J8W,CanRoll,https://www.amazon.com/dp/B000TN9J8W/
53,B0032AVA7W,CanRoll,https://www.amazon.com/dp/B0032AVA7W/
54,B008NIHCZC,CanRoll,https://www.amazon.com/dp/B008NIHCZC/
55,B00B5YIYUS,CanRoll,https://www.amazon.com/dp/B00B5YIYUS/
56,B00BLH6D7A,CanRoll,https://www.amazon.com/dp/B00BLH6D7A/
57,B00CXEXNC8,CanRoll,https://www.amazon.com/dp/B00CXEXNC8/
58,B00Q2FAEYO,CanRoll,https://www.amazon.com/dp/B00Q2FAEYO/
59,B013RL22V8,CanRoll,https://www.amazon.com/dp/B013RL22V8/
60,B0169YYQL4,CanRoll,https://www.amazon.com/dp/B0169YYQL4/
61,B017KVR8YC,CanRoll,https://www.amazon.com/dp/B017KVR8YC/
62,B01BWJY076,CanRoll,https://www.amazon.com/dp/B01BWJY076/
63,B01IKNG3SG,CanRoll,https://www.amazon.com/dp/B01IKNG3SG/
64,B074759LBV,CanRoll,https://www.amazon.com/dp/B074759LBV/
65,B07D37PQGL,CanRoll,https://www.amazon.com/dp/B07D37PQGL/
66,B07DDWCHJP,CanRoll,https://www.amazon.com/dp/B07DDWCHJP/
67,B07KMDMZ3L,CanRoll,https://www.amazon.com/dp/B07KMDMZ3L/
68,B07N3BP4CC,CanRoll,https://www.amazon.com/dp/B07N3BP4CC/
69,B08XYZ5ZLX,CanRoll,https://www.amazon.com/dp/B08XYZ5ZLX/
70,B092M1FXTT,CanRoll,https://www.amazon.com/dp/B092M1FXTT/
71,B000SKM4CE,CanRoll,https://www.amazon.com/dp/B000SKM4CE/
72,B001681ZA4,CanRoll,https://www.amazon.com/dp/B001681ZA4/
73,B001LFFPT4,CanRoll,https://www.amazon.com/dp/B001LFFPT4/
74,B001VXU0KK,CanRoll,https://www.amazon.com/dp/B001VXU0KK/
75,B005E9K01G,CanRoll,https://www.amazon.com/dp/B005E9K01G/
76,B072C3CL3T,CanRoll,https://www.amazon.com/dp/B072C3CL3T/
77,B07BPP4V7F,CanRoll,https://www.amazon.com/dp/B07BPP4V7F/
78,B07GPVFC55,CanRoll,https://www.amazon.com/dp/B07GPVFC55/
79,B07L8W2VGZ,CanRoll,https://www.amazon.com/dp/B07L8W2VGZ/
80,B07VXL273N,CanRoll,https://www.amazon.com/dp/B07VXL273N/
81,B08HGN5XG1,CanRoll,https://www.amazon.com/dp/B08HGN5XG1/
82,B001KYVMOI,CanRoll,https://www.amazon.com/dp/B001KYVMOI/
83,B002K8W58K,CanRoll,https://www.amazon.com/dp/B002K8W58K/
84,B004L8V966,CanRoll,https://www.amazon.com/dp/B004L8V966/
85,B07HZQG531,CanRoll,https://www.amazon.com/dp/B07HZQG531/
86,B07Q7F7529,CanRoll,https://www.amazon.com/dp/B07Q7F7529/
87,B085ZSRJ6N,CanRoll,https://www.amazon.com/dp/B085ZSRJ6N/
88,B08MRHLJ53,CanRoll,https://www.amazon.com/dp/B08MRHLJ53/
89,B09B74L1GN,CanRoll,https://www.amazon.com/dp/B09B74L1GN/
90,B00016AGFC,CanRoll,https://www.amazon.com/dp/B00016AGFC/
91,B0007REZ3Y,CanRoll,https://www.amazon.com/dp/B0007REZ3Y/
92,B0013OVWHM,CanRoll,https://www.amazon.com/dp/B0013OVWHM/
93,B004R68YSS,CanRoll,https://www.amazon.com/dp/B004R68YSS/
94,B00AZ10SQA,CanRoll,https://www.amazon.com/dp/B00AZ10SQA/
95,B00DS65EBI,CanRoll,https://www.amazon.com/dp/B00DS65EBI/
96,B01AIX9YF0,CanRoll,https://www.amazon.com/dp/B01AIX9YF0/
97,B077YDGFZH,CanRoll,https://www.amazon.com/dp/B077YDGFZH/
98,B07H2PBN2C,CanRoll,https://www.amazon.com/dp/B07H2PBN2C/
99,B08RFSC12H,CanRoll,https://www.amazon.com/dp/B08RFSC12H/
100,B08YS8TM62,CanRoll,https://www.amazon.com/dp/B08YS8TM62/
101,B000YUOY30,SixSidedRectangular,https://www.amazon.com/dp/B000YUOY30/
102,B0025UCNEY,SixSidedRectangular,https://www.amazon.com/dp/B0025UCNEY/
103,B005MHHAWW,SixSidedRectangular,https://www.amazon.com/dp/B005MHHAWW/
104,B00GLXKDPC,SixSidedRectangular,https://www.amazon.com/dp/B00GLXKDPC/
105,B00IGVJGZK,SixSidedRectangular,https://www.amazon.com/dp/B00IGVJGZK/
106,B00LTK2WCE,SixSidedRectangular,https://www.amazon.com/dp/B00LTK2WCE/
107,B00T5DYXHE,SixSidedRectangular,https://www.amazon.com/dp/B00T5DYXHE/
108,B01ELJIK2U,SixSidedRectangular,https://www.amazon.com/dp/B01ELJIK2U/
109,B01FR36JEK,SixSidedRectangular,https://www.amazon.com/dp/B01FR36JEK/
110,B01LTICQYE,SixSidedRectangular,https://www.amazon.com/dp/B01LTICQYE/
111,B01N1Z2HUS,SixSidedRectangular,https://www.amazon.com/dp/B01N1Z2HUS/
112,B073L557JF,SixSidedRectangular,https://www.amazon.com/dp/B073L557JF/
113,B073RG3PHV,SixSidedRectangular,https://www.amazon.com/dp/B073RG3PHV/
114,B0743JGLD3,SixSidedRectangular,https://www.amazon.com/dp/B0743JGLD3/
115,B07DY586D4,SixSidedRectangular,https://www.amazon.com/dp/B07DY586D4/
116,B07FJ43JY9,SixSidedRectangular,https://www.amazon.com/dp/B07FJ43JY9/
117,B07N3GM2N2,SixSidedRectangular,https://www.amazon.com/dp/B07N3GM2N2/
118,B07P7WMK4L,SixSidedRectangular,https://www.amazon.com/dp/B07P7WMK4L/
119,B07VHRV8RX,SixSidedRectangular,https://www.amazon.com/dp/B07VHRV8RX/
120,B07YP7V4KX,SixSidedRectangular,https://www.amazon.com/dp/B07YP7V4KX/
121,B07ZTT7H4F,SixSidedRectangular,https://www.amazon.com/dp/B07ZTT7H4F/
122,B085V5ZS8V,SixSidedRectangular,https://www.amazon.com/dp/B085V5ZS8V/
123,B08CMVGVQY,SixSidedRectangular,https://www.amazon.com/dp/B08CMVGVQY/
124,B08DLNWKFB,SixSidedRectangular,https://www.amazon.com/dp/B08DLNWKFB/
125,B08H6KGPYF,SixSidedRectangular,https://www.amazon.com/dp/B08H6KGPYF/
126,B08HSC1BQ1,SixSidedRectangular,https://www.amazon.com/dp/B08HSC1BQ1/
127,B08SQK915X,SixSidedRectangular,https://www.amazon.com/dp/B08SQK915X/
128,B08T6BMXV3,SixSidedRectangular,https://www.amazon.com/dp/B08T6BMXV3/
129,B08Y49Y7DN,SixSidedRectangular,https://www.amazon.com/dp/B08Y49Y7DN/
130,B093BKHT55,SixSidedRectangular,https://www.amazon.com/dp/B093BKHT55/
131,B095C7NYFN,SixSidedRectangular,https://www.amazon.com/dp/B095C7NYFN/
132,B097CVX2KW,SixSidedRectangular,https://www.amazon.com/dp/B097CVX2KW/
133,B001XVO71I,SixSidedRectangular,https://www.amazon.com/dp/B001XVO71I/
134,B00L3XKP62,SixSidedRectangular,https://www.amazon.com/dp/B00L3XKP62/
135,B00LLILH98,SixSidedRectangular,https://www.amazon.com/dp/B00LLILH98/
136,B06VWM4HND,SixSidedRectangular,https://www.amazon.com/dp/B06VWM4HND/
137,B06W51VW9B,SixSidedRectangular,https://www.amazon.com/dp/B06W51VW9B/
138,B071CTSNLT,SixSidedRectangular,https://www.amazon.com/dp/B071CTSNLT/
139,B07C9ZNY17,SixSidedRectangular,https://www.amazon.com/dp/B07C9ZNY17/
140,B07P7FCQWG,SixSidedRectangular,https://www.amazon.com/dp/B07P7FCQWG/
141,B07RBCH4LW,SixSidedRectangular,https://www.amazon.com/dp/B07RBCH4LW/
142,B07YBSXK8K,SixSidedRectangular,https://www.amazon.com/dp/B07YBSXK8K/
143,B081MWCV8S,SixSidedRectangular,https://www.amazon.com/dp/B081MWCV8S/
144,B086MHSTWN,SixSidedRectangular,https://www.amazon.com/dp/B086MHSTWN/
145,B087TY5ZWV,SixSidedRectangular,https://www.amazon.com/dp/B087TY5ZWV/
146,B08FBV5Q42,SixSidedRectangular,https://www.amazon.com/dp/B08FBV5Q42/
147,B08LK8J5T7,SixSidedRectangular,https://www.amazon.com/dp/B08LK8J5T7/
148,B095BXRPV9,SixSidedRectangular,https://www.amazon.com/dp/B095BXRPV9/
149,B099QTXGQW,SixSidedRectangular,https://www.amazon.com/dp/B099QTXGQW/
150,B09B32MTMJ,SixSidedRectangular,https://www.amazon.com/dp/B09B32MTMJ/
151,B09PQWVQQW,SixSidedRectangular,https://www.amazon.com/dp/B09PQWVQQW/
152,B09RKW4YQ8,SixSidedRectangular,https://www.amazon.com/dp/B09RKW4YQ8/
153,B005F9TQ9C,SixSidedRectangular,https://www.amazon.com/dp/B005F9TQ9C/
154,B017S4JSAI,SixSidedRectangular,https://www.amazon.com/dp/B017S4JSAI/
155,B071ZR6MT6,SixSidedRectangular,https://www.amazon.com/dp/B071ZR6MT6/
156,B07227RQJ9,SixSidedRectangular,https://www.amazon.com/dp/B07227RQJ9/
157,B07288LNKV,SixSidedRectangular,https://www.amazon.com/dp/B07288LNKV/
158,B07KXNHSCY,SixSidedRectangular,https://www.amazon.com/dp/B07KXNHSCY/
159,B07MHY2JL3,SixSidedRectangular,https://www.amazon.com/dp/B07MHY2JL3/
160,B07PXTZGCV,SixSidedRectangular,https://www.amazon.com/dp/B07PXTZGCV/
161,B07ZHQGFJ8,SixSidedRectangular,https://www.amazon.com/dp/B07ZHQGFJ8/
162,B081P74CMG,SixSidedRectangular,https://www.amazon.com/dp/B081P74CMG/
163,B082QCP426,SixSidedRectangular,https://www.amazon.com/dp/B082QCP426/
164,B08399PJKR,SixSidedRectangular,https://www.amazon.com/dp/B08399PJKR/
165,B0854QS119,SixSidedRectangular,https://www.amazon.com/dp/B0854QS119/
166,B08B45G46Z,SixSidedRectangular,https://www.amazon.com/dp/B08B45G46Z/
167,B08CTGR2YN,SixSidedRectangular,https://www.amazon.com/dp/B08CTGR2YN/
168,B08CXL8576,SixSidedRectangular,https://www.amazon.com/dp/B08CXL8576/
169,B08DGWG4XR,SixSidedRectangular,https://www.amazon.com/dp/B08DGWG4XR/
170,B08JGX793B,SixSidedRectangular,https://www.amazon.com/dp/B08JGX793B/
171,B091WL6C1N,SixSidedRectangular,https://www.amazon.com/dp/B091WL6C1N/
172,B098T2FHZ7,SixSidedRectangular,https://www.amazon.com/dp/B098T2FHZ7/
173,B00008DDRN,SixSidedRectangular,https://www.amazon.com/dp/B00008DDRN/
174,B003ZJ8MIU,SixSidedRectangular,https://www.amazon.com/dp/B003ZJ8MIU/
175,B004NJ3KP6,SixSidedRectangular,https://www.amazon.com/dp/B004NJ3KP6/
176,B0064RW66Y,SixSidedRectangular,https://www.amazon.com/dp/B0064RW66Y/
177,B008YDVYKK,SixSidedRectangular,https://www.amazon.com/dp/B008YDVYKK/
178,B00GEG424O,SixSidedRectangular,https://www.amazon.com/dp/B00GEG424O/
179,B01D06SMUU,SixSidedRectangular,https://www.amazon.com/dp/B01D06SMUU/
180,B074F1C4VQ,SixSidedRectangular,https://www.amazon.com/dp/B074F1C4VQ/
181,B075XQ2XZ2,SixSidedRectangular,https://www.amazon.com/dp/B075XQ2XZ2/
182,B076BXJ9FS,SixSidedRectangular,https://www.amazon.com/dp/B076BXJ9FS/
183,B07DJC41GS,SixSidedRectangular,https://www.amazon.com/dp/B07DJC41GS/
184,B07F21C229,SixSidedRectangular,https://www.amazon.com/dp/B07F21C229/
185,B07H39LT5S,SixSidedRectangular,https://www.amazon.com/dp/B07H39LT5S/
186,B07HJSB765,SixSidedRectangular,https://www.amazon.com/dp/B07HJSB765/
187,B08TZRGSBZ,SixSidedRectangular,https://www.amazon.com/dp/B08TZRGSBZ/
188,B08XN31K71,SixSidedRectangular,https://www.amazon.com/dp/B08XN31K71/
189,B091T4TKJS,SixSidedRectangular,https://www.amazon.com/dp/B091T4TKJS/
190,B092342G17,SixSidedRectangular,https://www.amazon.com/dp/B092342G17/
191,B095GLP8K8,SixSidedRectangular,https://www.amazon.com/dp/B095GLP8K8/
192,B09BXKGCXJ,SixSidedRectangular,https://www.amazon.com/dp/B09BXKGCXJ/
193,B00006AW2Q,SixSidedRectangular,https://www.amazon.com/dp/B00006AW2Q/
194,B0002PW0WO,SixSidedRectangular,https://www.amazon.com/dp/B0002PW0WO/
195,B000VRCLEU,SixSidedRectangular,https://www.amazon.com/dp/B000VRCLEU/
196,B0011E5RXO,SixSidedRectangular,https://www.amazon.com/dp/B0011E5RXO/
197,B001AS6F2S,SixSidedRectangular,https://www.amazon.com/dp/B001AS6F2S/
198,B003TFE7ZM,SixSidedRectangular,https://www.amazon.com/dp/B003TFE7ZM/
199,B004A0VFA0,SixSidedRectangular,https://www.amazon.com/dp/B004A0VFA0/
200,B006EP7LL6,SixSidedRectangular,https://www.amazon.com/dp/B006EP7LL6/
201,B0002DHOGI,Deformable,https://www.amazon.com/dp/B0002DHOGI/
202,B004S5JEPK,Deformable,https://www.amazon.com/dp/B004S5JEPK/
203,B0055Q4P6E,Deformable,https://www.amazon.com/dp/B0055Q4P6E/
204,B00B6EEJCO,Deformable,https://www.amazon.com/dp/B00B6EEJCO/
205,B00WE4I3B8,Deformable,https://www.amazon.com/dp/B00WE4I3B8/
206,B00ZUNKEJ4,Deformable,https://www.amazon.com/dp/B00ZUNKEJ4/
207,B01B3IVC6I,Deformable,https://www.amazon.com/dp/B01B3IVC6I/
208,B01JDBHPZO,Deformable,https://www.amazon.com/dp/B01JDBHPZO/
209,B01N9GV8DF,Deformable,https://www.amazon.com/dp/B01N9GV8DF/
210,B06XNQNLHG,Deformable,https://www.amazon.com/dp/B06XNQNLHG/
211,B071P2P4JB,Deformable,https://www.amazon.com/dp/B071P2P4JB/
212,B077HDTN64,Deformable,https://www.amazon.com/dp/B077HDTN64/
213,B07FK5DNJX,Deformable,https://www.amazon.com/dp/B07FK5DNJX/
214,B07GNV2RQ4,Deformable,https://www.amazon.com/dp/B07GNV2RQ4/
215,B07N3NVL2T,Deformable,https://www.amazon.com/dp/B07N3NVL2T/
216,B07Q34YLTW,Deformable,https://www.amazon.com/dp/B07Q34YLTW/
217,B07S35VH53,Deformable,https://www.amazon.com/dp/B07S35VH53/
218,B0831TKRKS,Deformable,https://www.amazon.com/dp/B0831TKRKS/
219,B08DHJ5LSB,Deformable,https://www.amazon.com/dp/B08DHJ5LSB/
220,B08SWD62TR,Deformable,https://www.amazon.com/dp/B08SWD62TR/
221,B0938PHGKV,Deformable,https://www.amazon.com/dp/B0938PHGKV/
222,B096DRWLG1,Deformable,https://www.amazon.com/dp/B096DRWLG1/
223,B0000AX5XB,Deformable,https://www.amazon.com/dp/B0000AX5XB/
224,B009OO3WF8,Deformable,https://www.amazon.com/dp/B009OO3WF8/
225,B00CEH29RO,Deformable,https://www.amazon.com/dp/B00CEH29RO/
226,B00MUQ46HU,Deformable,https://www.amazon.com/dp/B00MUQ46HU/
227,B00ZUNKEHG,Deformable,https://www.amazon.com/dp/B00ZUNKEHG/
228,B01DWFD8US,Deformable,https://www.amazon.com/dp/B01DWFD8US/
229,B01KO2HP4W,Deformable,https://www.amazon.com/dp/B01KO2HP4W/
230,B06XCQSPKL,Deformable,https://www.amazon.com/dp/B06XCQSPKL/
231,B073BNWVRW,Deformable,https://www.amazon.com/dp/B073BNWVRW/
232,B076TDTHNH,Deformable,https://www.amazon.com/dp/B076TDTHNH/
233,B07KX24Y4H,Deformable,https://www.amazon.com/dp/B07KX24Y4H/
234,B07L4M1PB7,Deformable,https://www.amazon.com/dp/B07L4M1PB7/
235,B07PLJF1X1,Deformable,https://www.amazon.com/dp/B07PLJF1X1/
236,B07SR38JF9,Deformable,https://www.amazon.com/dp/B07SR38JF9/
237,B07Y93SQJP,Deformable,https://www.amazon.com/dp/B07Y93SQJP/
238,B083TMP6NF,Deformable,https://www.amazon.com/dp/B083TMP6NF/
239,B091BJ5PHH,Deformable,https://www.amazon.com/dp/B091BJ5PHH/
240,B004XJECH6,Deformable,https://www.amazon.com/dp/B004XJECH6/
241,B0072IHTIO,Deformable,https://www.amazon.com/dp/B0072IHTIO/
242,B00JVTNXIC,Deformable,https://www.amazon.com/dp/B00JVTNXIC/
243,B01LB12BNK,Deformable,https://www.amazon.com/dp/B01LB12BNK/
244,B06X412Q7T,Deformable,https://www.amazon.com/dp/B06X412Q7T/
245,B06XYHLNKK,Deformable,https://www.amazon.com/dp/B06XYHLNKK/
246,B071RMXV7T,Deformable,https://www.amazon.com/dp/B071RMXV7T/
247,B07CY836NZ,Deformable,https://www.amazon.com/dp/B07CY836NZ/
248,B07GKX7N61,Deformable,https://www.amazon.com/dp/B07GKX7N61/
249,B07PJW7P94,Deformable,https://www.amazon.com/dp/B07PJW7P94/
250,B07SPHLX43,Deformable,https://www.amazon.com/dp/B07SPHLX43/
251,B07T1517WF,Deformable,https://www.amazon.com/dp/B07T1517WF/
252,B0002GLC54,Deformable,https://www.amazon.com/dp/B0002GLC54/
253,B0018OKNNG,Deformable,https://www.amazon.com/dp/B0018OKNNG/
254,B00PU19UQO,Deformable,https://www.amazon.com/dp/B00PU19UQO/
255,B01KMWTW0O,Deformable,https://www.amazon.com/dp/B01KMWTW0O/
256,B074KHZHM4,Deformable,https://www.amazon.com/dp/B074KHZHM4/
257,B075LZXXTJ,Deformable,https://www.amazon.com/dp/B075LZXXTJ/
258,B07GDR9577,Deformable,https://www.amazon.com/dp/B07GDR9577/
259,B07RZ9KSBK,Deformable,https://www.amazon.com/dp/B07RZ9KSBK/
260,B084LRCRFC,Deformable,https://www.amazon.com/dp/B084LRCRFC/
261,B084Z4VVF7,Deformable,https://www.amazon.com/dp/B084Z4VVF7/
262,B0874W9FJ3,Deformable,https://www.amazon.com/dp/B0874W9FJ3/
263,B08D92NXJH,Deformable,https://www.amazon.com/dp/B08D92NXJH/
264,B08FY31QLD,Deformable,https://www.amazon.com/dp/B08FY31QLD/
265,B08N3D34BD,Deformable,https://www.amazon.com/dp/B08N3D34BD/
266,B09MR8R71W,Deformable,https://www.amazon.com/dp/B09MR8R71W/
267,B0006U6BDE,Deformable,https://www.amazon.com/dp/B0006U6BDE/
268,B000SKNY96,Deformable,https://www.amazon.com/dp/B000SKNY96/
269,B00FSB5YHK,Deformable,https://www.amazon.com/dp/B00FSB5YHK/
270,B01FXKVI4I,Deformable,https://www.amazon.com/dp/B01FXKVI4I/
271,B01L8JJ80E,Deformable,https://www.amazon.com/dp/B01L8JJ80E/
272,B07CVLFB6D,Deformable,https://www.amazon.com/dp/B07CVLFB6D/
273,B07D88PST7,Deformable,https://www.amazon.com/dp/B07D88PST7/
274,B07NPVKFVJ,Deformable,https://www.amazon.com/dp/B07NPVKFVJ/
275,B07PFWFJ9X,Deformable,https://www.amazon.com/dp/B07PFWFJ9X/
276,B07PPP9D4N,Deformable,https://www.amazon.com/dp/B07PPP9D4N/
277,B07TC3L44B,Deformable,https://www.amazon.com/dp/B07TC3L44B/
278,B081G9YS7C,Deformable,https://www.amazon.com/dp/B081G9YS7C/
279,B084SB6DN3,Deformable,https://www.amazon.com/dp/B084SB6DN3/
280,B088K5657C,Deformable,https://www.amazon.com/dp/B088K5657C/
281,B08DP4VLBN,Deformable,https://www.amazon.com/dp/B08DP4VLBN/
282,B08M47TV23,Deformable,https://www.amazon.com/dp/B08M47TV23/
283,B096R1CPSJ,Deformable,https://www.amazon.com/dp/B096R1CPSJ/
284,B09991D689,Deformable,https://www.amazon.com/dp/B09991D689/
285,B09HW1LQ2M,Deformable,https://www.amazon.com/dp/B09HW1LQ2M/
286,B000RF70WO,Deformable,https://www.amazon.com/dp/B000RF70WO/
287,B009EGIBJI,Deformable,https://www.amazon.com/dp/B009EGIBJI/
288,B00X21NGYG,Deformable,https://www.amazon.com/dp/B00X21NGYG/
289,B07BFML2DT,Deformable,https://www.amazon.com/dp/B07BFML2DT/
290,B07H2XFVX7,Deformable,https://www.amazon.com/dp/B07H2XFVX7/
291,B07H7CDJPX,Deformable,https://www.amazon.com/dp/B07H7CDJPX/
292,B07Y6Z1NWZ,Deformable,https://www.amazon.com/dp/B07Y6Z1NWZ/
293,B081YYXBQK,Deformable,https://www.amazon.com/dp/B081YYXBQK/
294,B084LLT2CD,Deformable,https://www.amazon.com/dp/B084LLT2CD/
295,B0881YKFH3,Deformable,https://www.amazon.com/dp/B0881YKFH3/
296,B08RL7TQ13,Deformable,https://www.amazon.com/dp/B08RL7TQ13/
297,B09GNWYB5F,Deformable,https://www.amazon.com/dp/B09GNWYB5F/
298,B008UGFCDQ,Deformable,https://www.amazon.com/dp/B008UGFCDQ/
299,B00OXCXCPQ,Deformable,https://www.amazon.com/dp/B00OXCXCPQ/
300,B00XKYM4DO,Deformable,https://www.amazon.com/dp/B00XKYM4DO/
301,B000001I0L,HardContainer,https://www.amazon.com/dp/B000001I0L/
302,B00000DMCE,HardContainer,https://www.amazon.com/dp/B00000DMCE/
303,B00000DMER,HardContainer,https://www.amazon.com/dp/B00000DMER/
304,B00000IV34,HardContainer,https://www.amazon.com/dp/B00000IV34/
305,B00000IV35,HardContainer,https://www.amazon.com/dp/B00000IV35/
306,B00000IZKX,HardContainer,https://www.amazon.com/dp/B00000IZKX/
307,B00000JBNS,HardContainer,https://www.amazon.com/dp/B00000JBNS/
308,B00000JBNX,HardContainer,https://www.amazon.com/dp/B00000JBNX/
309,B00000K135,HardContainer,https://www.amazon.com/dp/B00000K135/
310,B00001QHJA,HardContainer,https://www.amazon.com/dp/B00001QHJA/
311,B0000205XI,HardContainer,https://www.amazon.com/dp/B0000205XI/
312,B0000223UV,HardContainer,https://www.amazon.com/dp/B0000223UV/
313,B0000223YF,HardContainer,https://www.amazon.com/dp/B0000223YF/
314,B0000224BN,HardContainer,https://www.amazon.com/dp/B0000224BN/
315,B0000225OU,HardContainer,https://www.amazon.com/dp/B0000225OU/
316,B0000225P5,HardContainer,https://www.amazon.com/dp/B0000225P5/
317,B0000225XE,HardContainer,https://www.amazon.com/dp/B0000225XE/
318,B00002N590,HardContainer,https://www.amazon.com/dp/B00002N590/
319,B00002N5FR,HardContainer,https://www.amazon.com/dp/B00002N5FR/
320,B00002N7FP,HardContainer,https://www.amazon.com/dp/B00002N7FP/
321,B00002N7FQ,HardContainer,https://www.amazon.com/dp/B00002N7FQ/
322,B00002N8UC,HardContainer,https://www.amazon.com/dp/B00002N8UC/
323,B00002N93C,HardContainer,https://www.amazon.com/dp/B00002N93C/
324,B00002NASY,HardContainer,https://www.amazon.com/dp/B00002NASY/
325,B00002QUKX,HardContainer,https://www.amazon.com/dp/B00002QUKX/
326,B00004RA82,HardContainer,https://www.amazon.com/dp/B00004RA82/
327,B00004RB8M,HardContainer,https://www.amazon.com/dp/B00004RB8M/
328,B00004RFRU,HardContainer,https://www.amazon.com/dp/B00004RFRU/
329,B00004RH2V,HardContainer,https://www.amazon.com/dp/B00004RH2V/
330,B00004RK6N,HardContainer,https://www.amazon.com/dp/B00004RK6N/
331,B00004S1BT,HardContainer,https://www.amazon.com/dp/B00004S1BT/
332,B00004SABW,HardContainer,https://www.amazon.com/dp/B00004SABW/
333,B00004SBCB,HardContainer,https://www.amazon.com/dp/B00004SBCB/
334,B00004SBCC,HardContainer,https://www.amazon.com/dp/B00004SBCC/
335,B00004SPEU,HardContainer,https://www.amazon.com/dp/B00004SPEU/
336,B00004SQL1,HardContainer,https://www.amazon.com/dp/B00004SQL1/
337,B00004SQL7,HardContainer,https://www.amazon.com/dp/B00004SQL7/
338,B00004SQLH,HardContainer,https://www.amazon.com/dp/B00004SQLH/
339,B00004T71M,HardContainer,https://www.amazon.com/dp/B00004T71M/
340,B00004T7IQ,HardContainer,https://www.amazon.com/dp/B00004T7IQ/
341,B00004TDSA,HardContainer,https://www.amazon.com/dp/B00004TDSA/
342,B00004TUCA,HardContainer,https://www.amazon.com/dp/B00004TUCA/
343,B00004TUCV,HardContainer,https://www.amazon.com/dp/B00004TUCV/
344,B00004U328,HardContainer,https://www.amazon.com/dp/B00004U328/
345,B00004UDJF,HardContainer,https://www.amazon.com/dp/B00004UDJF/
346,B00004UE4A,HardContainer,https://www.amazon.com/dp/B00004UE4A/
347,B00004UEHC,HardContainer,https://www.amazon.com/dp/B00004UEHC/
348,B00004W60G,HardContainer,https://www.amazon.com/dp/B00004W60G/
349,B00004WA3W,HardContainer,https://www.amazon.com/dp/B00004WA3W/
350,B00004WHN9,HardContainer,https://www.amazon.com/dp/B00004WHN9/
351,B00004WKR7,HardContainer,https://www.amazon.com/dp/B00004WKR7/
352,B00004XOT6,HardContainer,https://www.amazon.com/dp/B00004XOT6/
353,B00004Y8D9,HardContainer,https://www.amazon.com/dp/B00004Y8D9/
354,B00004YMDG,HardContainer,https://www.amazon.com/dp/B00004YMDG/
355,B00004YTJE,HardContainer,https://www.amazon.com/dp/B00004YTJE/
356,B00004YVNS,HardContainer,https://www.amazon.com/dp/B00004YVNS/
357,B00004Z498,HardContainer,https://www.amazon.com/dp/B00004Z498/
358,B00004Z4DS,HardContainer,https://www.amazon.com/dp/B00004Z4DS/
359,B00004Z5QH,HardContainer,https://www.amazon.com/dp/B00004Z5QH/
360,B00004Z60P,HardContainer,https://www.amazon.com/dp/B00004Z60P/
361,B00004Z64M,HardContainer,https://www.amazon.com/dp/B00004Z64M/
362,B00004Z64O,HardContainer,https://www.amazon.com/dp/B00004Z64O/
363,B000050FZP,HardContainer,https://www.amazon.com/dp/B000050FZP/
364,B000052XB5,HardContainer,https://www.amazon.com/dp/B000052XB5/
365,B000052XC0,HardContainer,https://www.amazon.com/dp/B000052XC0/
366,B000052XCI,HardContainer,https://www.amazon.com/dp/B000052XCI/
367,B000052XFC,HardContainer,https://www.amazon.com/dp/B000052XFC/
368,B000052XIA,HardContainer,https://www.amazon.com/dp/B000052XIA/
369,B000052XIB,HardContainer,https://www.amazon.com/dp/B000052XIB/
370,B000052XPU,HardContainer,https://www.amazon.com/dp/B000052XPU/
371,B000052Y4I,HardContainer,https://www.amazon.com/dp/B000052Y4I/
372,B000052YCL,HardContainer,https://www.amazon.com/dp/B000052YCL/
373,B000052YCY,HardContainer,https://www.amazon.com/dp/B000052YCY/
374,B000052YLN,HardContainer,https://www.amazon.com/dp/B000052YLN/
375,B000052YT2,HardContainer,https://www.amazon.com/dp/B000052YT2/
376,B0000532A2,HardContainer,https://www.amazon.com/dp/B0000532A2/
377,B0000532OV,HardContainer,https://www.amazon.com/dp/B0000532OV/
378,B0000532PO,HardContainer,https://www.amazon.com/dp/B0000532PO/
379,B00005333I,HardContainer,https://www.amazon.com/dp/B00005333I/
380,B00005333J,HardContainer,https://www.amazon.com/dp/B00005333J/
381,B0000535K8,HardContainer,https://www.amazon.com/dp/B0000535K8/
382,B0000537AJ,HardContainer,https://www.amazon.com/dp/B0000537AJ/
383,B0000537NI,HardContainer,https://www.amazon.com/dp/B0000537NI/
384,B000056JFC,HardContainer,https://www.amazon.com/dp/B000056JFC/
385,B000056OP7,HardContainer,https://www.amazon.com/dp/B000056OP7/
386,B000058AK9,HardContainer,https://www.amazon.com/dp/B000058AK9/
387,B00005A1H8,HardContainer,https://www.amazon.com/dp/B00005A1H8/
388,B00005BXKM,HardContainer,https://www.amazon.com/dp/B00005BXKM/
389,B00005CDSQ,HardContainer,https://www.amazon.com/dp/B00005CDSQ/
390,B00005JS5C,HardContainer,https://www.amazon.com/dp/B00005JS5C/
391,B00005JSBK,HardContainer,https://www.amazon.com/dp/B00005JSBK/
392,B00005KB37,HardContainer,https://www.amazon.com/dp/B00005KB37/
393,B00005MITU,HardContainer,https://www.amazon.com/dp/B00005MITU/
394,B00005NIUB,HardContainer,https://www.amazon.com/dp/B00005NIUB/
395,B00005OU7B,HardContainer,https://www.amazon.com/dp/B00005OU7B/
396,B00005Q50D,HardContainer,https://www.amazon.com/dp/B00005Q50D/
397,B00005QB5U,HardContainer,https://www.amazon.com/dp/B00005QB5U/
398,B00005QTX8,HardContainer,https://www.amazon.com/dp/B00005QTX8/
399,B00005V9CG,HardContainer,https://www.amazon.com/dp/B00005V9CG/
400,B000063LJT,HardContainer,https://www.amazon.com/dp/B000063LJT/
401,B077XK728M,PlasticBag,https://www.amazon.com/dp/B077XK728M/
402,B0767PWDQ4,PlasticBag,https://www.amazon.com/dp/B0767PWDQ4/
403,B06Y5SGC6J,PlasticBag,https://www.amazon.com/dp/B06Y5SGC6J/
404,B08KQ563SG,PlasticBag,https://www.amazon.com/dp/B08KQ563SG/
405,B08NTP7R15,PlasticBag,https://www.amazon.com/dp/B08NTP7R15/
406,B012ZVH2IY,PlasticBag,https://www.amazon.com/dp/B012ZVH2IY/
407,B005F6EIBG,PlasticBag,https://www.amazon.com/dp/B005F6EIBG/
408,B07J54KXBH,PlasticBag,https://www.amazon.com/dp/B07J54KXBH/
409,B082TH8RFJ,PlasticBag,https://www.amazon.com/dp/B082TH8RFJ/
410,B07HZ92C84,PlasticBag,https://www.amazon.com/dp/B07HZ92C84/
411,B0861WPFQT,PlasticBag,https://www.amazon.com/dp/B0861WPFQT/
412,B07H5WNLVS,PlasticBag,https://www.amazon.com/dp/B07H5WNLVS/
413,B0963VXXJM,PlasticBag,https://www.amazon.com/dp/B0963VXXJM/
414,B01N0ZLDW0,PlasticBag,https://www.amazon.com/dp/B01N0ZLDW0/
415,B099BS7WDQ,PlasticBag,https://www.amazon.com/dp/B099BS7WDQ/
416,B08XC69857,PlasticBag,https://www.amazon.com/dp/B08XC69857/
417,B016YKIZVK,PlasticBag,https://www.amazon.com/dp/B016YKIZVK/
418,B08TBYVHY2,PlasticBag,https://www.amazon.com/dp/B08TBYVHY2/
419,B01LXDXM0K,PlasticBag,https://www.amazon.com/dp/B01LXDXM0K/
420,B07F1DR5C3,PlasticBag,https://www.amazon.com/dp/B07F1DR5C3/
421,B07YLDM88S,PlasticBag,https://www.amazon.com/dp/B07YLDM88S/
422,B0018OMDIO,PlasticBag,https://www.amazon.com/dp/B0018OMDIO/
423,B08P66TYF7,PlasticBag,https://www.amazon.com/dp/B08P66TYF7/
424,B078WK2V5X,PlasticBag,https://www.amazon.com/dp/B078WK2V5X/
425,B09KMMYWT5,PlasticBag,https://www.amazon.com/dp/B09KMMYWT5/
426,B08FFNGTR2,PlasticBag,https://www.amazon.com/dp/B08FFNGTR2/
427,B07V3L3CK3,PlasticBag,https://www.amazon.com/dp/B07V3L3CK3/
428,B08375ZW4F,PlasticBag,https://www.amazon.com/dp/B08375ZW4F/
429,B083GHHW86,PlasticBag,https://www.amazon.com/dp/B083GHHW86/
430,B016V4LFMA,PlasticBag,https://www.amazon.com/dp/B016V4LFMA/
431,B01M1CX371,PlasticBag,https://www.amazon.com/dp/B01M1CX371/
432,B07CLWF6P6,PlasticBag,https://www.amazon.com/dp/B07CLWF6P6/
433,B00D2VUUGI,PlasticBag,https://www.amazon.com/dp/B00D2VUUGI/
434,B08B3XM4M8,PlasticBag,https://www.amazon.com/dp/B08B3XM4M8/
435,B096G628PP,PlasticBag,https://www.amazon.com/dp/B096G628PP/
436,B07D2N8SND,PlasticBag,https://www.amazon.com/dp/B07D2N8SND/
437,B08L45H76C,PlasticBag,https://www.amazon.com/dp/B08L45H76C/
438,B00V0VRP2E,PlasticBag,https://www.amazon.com/dp/B00V0VRP2E/
439,B07RDJWLGP,PlasticBag,https://www.amazon.com/dp/B07RDJWLGP/
440,B07QW918WP,PlasticBag,https://www.amazon.com/dp/B07QW918WP/
441,B00AKSCXES,PlasticBag,https://www.amazon.com/dp/B00AKSCXES/
442,B07GFC61GN,PlasticBag,https://www.amazon.com/dp/B07GFC61GN/
443,B01HYYV1RU,PlasticBag,https://www.amazon.com/dp/B01HYYV1RU/
444,B08TKG65QH,PlasticBag,https://www.amazon.com/dp/B08TKG65QH/
445,B000P4JRX2,PlasticBag,https://www.amazon.com/dp/B000P4JRX2/
446,B095KDV4WZ,PlasticBag,https://www.amazon.com/dp/B095KDV4WZ/
447,B08F7J4NSY,PlasticBag,https://www.amazon.com/dp/B08F7J4NSY/
448,B009OLQPDM,PlasticBag,https://www.amazon.com/dp/B009OLQPDM/
449,B01FXK1PS2,PlasticBag,https://www.amazon.com/dp/B01FXK1PS2/
450,B01MTVBSAM,PlasticBag,https://www.amazon.com/dp/B01MTVBSAM/
451,B08T6GSPWX,PlasticBag,https://www.amazon.com/dp/B08T6GSPWX/
452,B07LC2JFJ1,PlasticBag,https://www.amazon.com/dp/B07LC2JFJ1/
453,B08YS2B76G,PlasticBag,https://www.amazon.com/dp/B08YS2B76G/
454,B00FPLDXB2,PlasticBag,https://www.amazon.com/dp/B00FPLDXB2/
455,B074P68R1T,PlasticBag,https://www.amazon.com/dp/B074P68R1T/
456,B004GKBR9S,PlasticBag,https://www.amazon.com/dp/B004GKBR9S/
457,B07DHRGLBG,PlasticBag,https://www.amazon.com/dp/B07DHRGLBG/
458,B018GWYTYG,PlasticBag,https://www.amazon.com/dp/B018GWYTYG/
459,B09HN3T7FH,PlasticBag,https://www.amazon.com/dp/B09HN3T7FH/
460,B0048LMJ56,PlasticBag,https://www.amazon.com/dp/B0048LMJ56/
461,B0892SDD56,PlasticBag,https://www.amazon.com/dp/B0892SDD56/
462,B092RJ1XL2,PlasticBag,https://www.amazon.com/dp/B092RJ1XL2/
463,B07T2GNKMD,PlasticBag,https://www.amazon.com/dp/B07T2GNKMD/
464,B001H0FRMI,PlasticBag,https://www.amazon.com/dp/B001H0FRMI/
465,B092QH3P19,PlasticBag,https://www.amazon.com/dp/B092QH3P19/
466,B005CSNWFU,PlasticBag,https://www.amazon.com/dp/B005CSNWFU/
467,B0874WTGW2,PlasticBag,https://www.amazon.com/dp/B0874WTGW2/
468,B013CSL04Q,PlasticBag,https://www.amazon.com/dp/B013CSL04Q/
469,B0817781PN,PlasticBag,https://www.amazon.com/dp/B0817781PN/
470,B00002NAQN,PlasticBag,https://www.amazon.com/dp/B00002NAQN/
471,B00MGSOQZE,PlasticBag,https://www.amazon.com/dp/B00MGSOQZE/
472,B09QLJTN6G,PlasticBag,https://www.amazon.com/dp/B09QLJTN6G/
473,B078GLS5NW,PlasticBag,https://www.amazon.com/dp/B078GLS5NW/
474,B09GYHF4TC,PlasticBag,https://www.amazon.com/dp/B09GYHF4TC/
475,B07D3983L5,PlasticBag,https://www.amazon.com/dp/B07D3983L5/
476,B003MZ0140,PlasticBag,https://www.amazon.com/dp/B003MZ0140/
477,B088D6C7GW,PlasticBag,https://www.amazon.com/dp/B088D6C7GW/
478,B018THPISO,PlasticBag,https://www.amazon.com/dp/B018THPISO/
479,B01MTZWMTB,PlasticBag,https://www.amazon.com/dp/B01MTZWMTB/
480,B01EKB6ES6,PlasticBag,https://www.amazon.com/dp/B01EKB6ES6/
481,B07FH9YCLN,PlasticBag,https://www.amazon.com/dp/B07FH9YCLN/
482,B074HGJJJ6,PlasticBag,https://www.amazon.com/dp/B074HGJJJ6/
483,B06XCN996K,PlasticBag,https://www.amazon.com/dp/B06XCN996K/
484,B09T69QTNQ,PlasticBag,https://www.amazon.com/dp/B09T69QTNQ/
485,B004N3BAD6,PlasticBag,https://www.amazon.com/dp/B004N3BAD6/
486,B07HFPXZRV,PlasticBag,https://www.amazon.com/dp/B07HFPXZRV/
487,B07QFR2RQ6,PlasticBag,https://www.amazon.com/dp/B07QFR2RQ6/
488,B08P758KDX,PlasticBag,https://www.amazon.com/dp/B08P758KDX/
489,B09VQW2DZQ,PlasticBag,https://www.amazon.com/dp/B09VQW2DZQ/
490,B003PBZ2V8,PlasticBag,https://www.amazon.com/dp/B003PBZ2V8/
491,B00LSRTZPU,PlasticBag,https://www.amazon.com/dp/B00LSRTZPU/
492,B08WRX2K9K,PlasticBag,https://www.amazon.com/dp/B08WRX2K9K/
493,B09LHW6966,PlasticBag,https://www.amazon.com/dp/B09LHW6966/
494,B073R224T3,PlasticBag,https://www.amazon.com/dp/B073R224T3/
495,B09N6T91KX,PlasticBag,https://www.amazon.com/dp/B09N6T91KX/
496,B01FZY1E7S,PlasticBag,https://www.amazon.com/dp/B01FZY1E7S/
497,B09QZR2YDG,PlasticBag,https://www.amazon.com/dp/B09QZR2YDG/
498,B0081KTPQQ,PlasticBag,https://www.amazon.com/dp/B0081KTPQQ/
499,B08322NKSS,PlasticBag,https://www.amazon.com/dp/B08322NKSS/
500,B08BND31KW,PlasticBag,https://www.amazon.com/dp/B08BND31KW/
501,B0000535RA,ContainsLiquid,https://www.amazon.com/dp/B0000535RA/
502,B000056J7M,ContainsLiquid,https://www.amazon.com/dp/B000056J7M/
503,B00008NFL0,ContainsLiquid,https://www.amazon.com/dp/B00008NFL0/
504,B0000Y3F6W,ContainsLiquid,https://www.amazon.com/dp/B0000Y3F6W/
505,B0001EL4EQ,ContainsLiquid,https://www.amazon.com/dp/B0001EL4EQ/
506,B0001N9VXI,ContainsLiquid,https://www.amazon.com/dp/B0001N9VXI/
507,B0001XDU2Q,ContainsLiquid,https://www.amazon.com/dp/B0001XDU2Q/
508,B0002A5WQU,ContainsLiquid,https://www.amazon.com/dp/B0002A5WQU/
509,B0002F7IT4,ContainsLiquid,https://www.amazon.com/dp/B0002F7IT4/
510,B0002YGSBO,ContainsLiquid,https://www.amazon.com/dp/B0002YGSBO/
511,B0002YUJUU,ContainsLiquid,https://www.amazon.com/dp/B0002YUJUU/
512,B0002YVAIK,ContainsLiquid,https://www.amazon.com/dp/B0002YVAIK/
513,B0004JR8SE,ContainsLiquid,https://www.amazon.com/dp/B0004JR8SE/
514,B0005JOCJQ,ContainsLiquid,https://www.amazon.com/dp/B0005JOCJQ/
515,B00063KHKO,ContainsLiquid,https://www.amazon.com/dp/B00063KHKO/
516,B0006JLVU8,ContainsLiquid,https://www.amazon.com/dp/B0006JLVU8/
517,B0006L9QZ8,ContainsLiquid,https://www.amazon.com/dp/B0006L9QZ8/
518,B0006TZMX0,ContainsLiquid,https://www.amazon.com/dp/B0006TZMX0/
519,B00074VY1I,ContainsLiquid,https://www.amazon.com/dp/B00074VY1I/
520,B0007DHMH4,ContainsLiquid,https://www.amazon.com/dp/B0007DHMH4/
521,B0007L8324,ContainsLiquid,https://www.amazon.com/dp/B0007L8324/
522,B0007ZHASS,ContainsLiquid,https://www.amazon.com/dp/B0007ZHASS/
523,B0007ZHH1I,ContainsLiquid,https://www.amazon.com/dp/B0007ZHH1I/
524,B0009JMKX2,ContainsLiquid,https://www.amazon.com/dp/B0009JMKX2/
525,B000A0VUTK,ContainsLiquid,https://www.amazon.com/dp/B000A0VUTK/
526,B000B63Q0Y,ContainsLiquid,https://www.amazon.com/dp/B000B63Q0Y/
527,B000BQMANI,ContainsLiquid,https://www.amazon.com/dp/B000BQMANI/
528,B000BXKZVA,ContainsLiquid,https://www.amazon.com/dp/B000BXKZVA/
529,B000C011EM,ContainsLiquid,https://www.amazon.com/dp/B000C011EM/
530,B000C5J05Y,ContainsLiquid,https://www.amazon.com/dp/B000C5J05Y/
531,B000C81L4Y,ContainsLiquid,https://www.amazon.com/dp/B000C81L4Y/
532,B000CPIMVW,ContainsLiquid,https://www.amazon.com/dp/B000CPIMVW/
533,B000E3DTI8,ContainsLiquid,https://www.amazon.com/dp/B000E3DTI8/
534,B000FEH78O,ContainsLiquid,https://www.amazon.com/dp/B000FEH78O/
535,B000FPDOCQ,ContainsLiquid,https://www.amazon.com/dp/B000FPDOCQ/
536,B000FPM832,ContainsLiquid,https://www.amazon.com/dp/B000FPM832/
537,B000FQS66Y,ContainsLiquid,https://www.amazon.com/dp/B000FQS66Y/
538,B000FRHWM2,ContainsLiquid,https://www.amazon.com/dp/B000FRHWM2/
539,B000I16L90,ContainsLiquid,https://www.amazon.com/dp/B000I16L90/
540,B000I1VD0W,ContainsLiquid,https://www.amazon.com/dp/B000I1VD0W/
541,B000LQW0RY,ContainsLiquid,https://www.amazon.com/dp/B000LQW0RY/
542,B000LY3L7O,ContainsLiquid,https://www.amazon.com/dp/B000LY3L7O/
543,B000MBKJGC,ContainsLiquid,https://www.amazon.com/dp/B000MBKJGC/
544,B000NV877E,ContainsLiquid,https://www.amazon.com/dp/B000NV877E/
545,B000O3KLKM,ContainsLiquid,https://www.amazon.com/dp/B000O3KLKM/
546,B000ODWE66,ContainsLiquid,https://www.amazon.com/dp/B000ODWE66/
547,B000P70UQW,ContainsLiquid,https://www.amazon.com/dp/B000P70UQW/
548,B000PQZRX4,ContainsLiquid,https://www.amazon.com/dp/B000PQZRX4/
549,B000PSV0BU,ContainsLiquid,https://www.amazon.com/dp/B000PSV0BU/
550,B000REHYO4,ContainsLiquid,https://www.amazon.com/dp/B000REHYO4/
551,B000S92OCK,ContainsLiquid,https://www.amazon.com/dp/B000S92OCK/
552,B000UUH6NY,ContainsLiquid,https://www.amazon.com/dp/B000UUH6NY/
553,B000V9YYMK,ContainsLiquid,https://www.amazon.com/dp/B000V9YYMK/
554,B000VDRC48,ContainsLiquid,https://www.amazon.com/dp/B000VDRC48/
555,B000VDX26K,ContainsLiquid,https://www.amazon.com/dp/B000VDX26K/
556,B000W2YLGA,ContainsLiquid,https://www.amazon.com/dp/B000W2YLGA/
557,B000WNT29U,ContainsLiquid,https://www.amazon.com/dp/B000WNT29U/
558,B000WSAPX2,ContainsLiquid,https://www.amazon.com/dp/B000WSAPX2/
559,B000X351KS,ContainsLiquid,https://www.amazon.com/dp/B000X351KS/
560,B000XDGH88,ContainsLiquid,https://www.amazon.com/dp/B000XDGH88/
561,B000XSFFMC,ContainsLiquid,https://www.amazon.com/dp/B000XSFFMC/
562,B000XZZW5K,ContainsLiquid,https://www.amazon.com/dp/B000XZZW5K/
563,B000Y1JT8E,ContainsLiquid,https://www.amazon.com/dp/B000Y1JT8E/
564,B000Y8YPA4,ContainsLiquid,https://www.amazon.com/dp/B000Y8YPA4/
565,B000YJ2QKO,ContainsLiquid,https://www.amazon.com/dp/B000YJ2QKO/
566,B000YK2O3C,ContainsLiquid,https://www.amazon.com/dp/B000YK2O3C/
567,B000YT5KKC,ContainsLiquid,https://www.amazon.com/dp/B000YT5KKC/
568,B000Z56WOI,ContainsLiquid,https://www.amazon.com/dp/B000Z56WOI/
569,B00128EVDQ,ContainsLiquid,https://www.amazon.com/dp/B00128EVDQ/
570,B0012NX5W4,ContainsLiquid,https://www.amazon.com/dp/B0012NX5W4/
571,B001370XCO,ContainsLiquid,https://www.amazon.com/dp/B001370XCO/
572,B00138SZFA,ContainsLiquid,https://www.amazon.com/dp/B00138SZFA/
573,B00153ZBYG,ContainsLiquid,https://www.amazon.com/dp/B00153ZBYG/
574,B001AWDI10,ContainsLiquid,https://www.amazon.com/dp/B001AWDI10/
575,B001CT094A,ContainsLiquid,https://www.amazon.com/dp/B001CT094A/
576,B001CT097C,ContainsLiquid,https://www.amazon.com/dp/B001CT097C/
577,B001DEF8MM,ContainsLiquid,https://www.amazon.com/dp/B001DEF8MM/
578,B001DMMN72,ContainsLiquid,https://www.amazon.com/dp/B001DMMN72/
579,B001E0FHJE,ContainsLiquid,https://www.amazon.com/dp/B001E0FHJE/
580,B001E16BES,ContainsLiquid,https://www.amazon.com/dp/B001E16BES/
581,B001E17FG6,ContainsLiquid,https://www.amazon.com/dp/B001E17FG6/
582,B001E8OSBO,ContainsLiquid,https://www.amazon.com/dp/B001E8OSBO/
583,B001E95GSW,ContainsLiquid,https://www.amazon.com/dp/B001E95GSW/
584,B001EO5YNY,ContainsLiquid,https://www.amazon.com/dp/B001EO5YNY/
585,B001EWF2ZG,ContainsLiquid,https://www.amazon.com/dp/B001EWF2ZG/
586,B001F0LVFM,ContainsLiquid,https://www.amazon.com/dp/B001F0LVFM/
587,B001F0QWY2,ContainsLiquid,https://www.amazon.com/dp/B001F0QWY2/
588,B001JPF4BA,ContainsLiquid,https://www.amazon.com/dp/B001JPF4BA/
589,B001KHOIVE,ContainsLiquid,https://www.amazon.com/dp/B001KHOIVE/
590,B001OMIA0A,ContainsLiquid,https://www.amazon.com/dp/B001OMIA0A/
591,B001OR7AM4,ContainsLiquid,https://www.amazon.com/dp/B001OR7AM4/
592,B001OVCTLM,ContainsLiquid,https://www.amazon.com/dp/B001OVCTLM/
593,B001PH14PM,ContainsLiquid,https://www.amazon.com/dp/B001PH14PM/
594,B001QN37UU,ContainsLiquid,https://www.amazon.com/dp/B001QN37UU/
595,B001R2254O,ContainsLiquid,https://www.amazon.com/dp/B001R2254O/
596,B001RER920,ContainsLiquid,https://www.amazon.com/dp/B001RER920/
597,B001TIQZ8I,ContainsLiquid,https://www.amazon.com/dp/B001TIQZ8I/
598,B001WAKI18,ContainsLiquid,https://www.amazon.com/dp/B001WAKI18/
599,B001WOLI4U,ContainsLiquid,https://www.amazon.com/dp/B001WOLI4U/
600,B00203A4CE,ContainsLiquid,https://www.amazon.com/dp/B00203A4CE/
601,B00DT0OZPO,MinimalPackagingSingleItem,https://www.amazon.com/dp/B00DT0OZPO/
602,B07TLYTDXF,MinimalPackagingSingleItem,https://www.amazon.com/dp/B07TLYTDXF/
603,B08HJLWRYS,MinimalPackagingSingleItem,https://www.amazon.com/dp/B08HJLWRYS/
604,B000BO6YPA,MinimalPackagingSingleItem,https://www.amazon.com/dp/B000BO6YPA/
605,B077J1FZMY,MinimalPackagingSingleItem,https://www.amazon.com/dp/B077J1FZMY/
606,B08C6X8BKT,MinimalPackagingSingleItem,https://www.amazon.com/dp/B08C6X8BKT/
607,B000LOGQ26,MinimalPackagingSingleItem,https://www.amazon.com/dp/B000LOGQ26/
608,B08XYJJMMB,MinimalPackagingSingleItem,https://www.amazon.com/dp/B08XYJJMMB/
609,B000OQ21CA,MinimalPackagingSingleItem,https://www.amazon.com/dp/B000OQ21CA/
610,B01AHXVN50,MinimalPackagingSingleItem,https://www.amazon.com/dp/B01AHXVN50/
611,B09GZPJX93,MinimalPackagingSingleItem,https://www.amazon.com/dp/B09GZPJX93/
612,B00PFRFXMS,MinimalPackagingSingleItem,https://www.amazon.com/dp/B00PFRFXMS/
613,B08ZBZQ11V,MinimalPackagingSingleItem,https://www.amazon.com/dp/B08ZBZQ11V/
614,B01MYFC08Y,MinimalPackagingSingleItem,https://www.amazon.com/dp/B01MYFC08Y/
615,B09916B3W3,MinimalPackagingSingleItem,https://www.amazon.com/dp/B09916B3W3/
616,B002469OFU,MinimalPackagingSingleItem,https://www.amazon.com/dp/B002469OFU/
617,B00BHGXRGK,MinimalPackagingSingleItem,https://www.amazon.com/dp/B00BHGXRGK/
618,B000M2UPL0,MinimalPackagingSingleItem,https://www.amazon.com/dp/B000M2UPL0/
619,B09WQQGXQY,MinimalPackagingSingleItem,https://www.amazon.com/dp/B09WQQGXQY/
620,B07G7HVRJP,MinimalPackagingSingleItem,https://www.amazon.com/dp/B07G7HVRJP/
621,B07CB8V51C,MinimalPackagingSingleItem,https://www.amazon.com/dp/B07CB8V51C/
622,B07QWNF6WL,MinimalPackagingSingleItem,https://www.amazon.com/dp/B07QWNF6WL/
623,B01BZ456US,MinimalPackagingSingleItem,https://www.amazon.com/dp/B01BZ456US/
624,B098W79ZSS,MinimalPackagingSingleItem,https://www.amazon.com/dp/B098W79ZSS/
625,B08XTLYJL9,MinimalPackagingSingleItem,https://www.amazon.com/dp/B08XTLYJL9/
626,B01MS1SYM5,MinimalPackagingSingleItem,https://www.amazon.com/dp/B01MS1SYM5/
627,B08973CRTS,MinimalPackagingSingleItem,https://www.amazon.com/dp/B08973CRTS/
628,B0954N3RTZ,MinimalPackagingSingleItem,https://www.amazon.com/dp/B0954N3RTZ/
629,B091NN3QBD,MinimalPackagingSingleItem,https://www.amazon.com/dp/B091NN3QBD/
630,B08XQQYS3X,MinimalPackagingSingleItem,https://www.amazon.com/dp/B08XQQYS3X/
631,B0051XV5Y6,MinimalPackagingSingleItem,https://www.amazon.com/dp/B0051XV5Y6/
632,B00HCR6S00,MinimalPackagingSingleItem,https://www.amazon.com/dp/B00HCR6S00/
633,B0721JWVKH,MinimalPackagingSingleItem,https://www.amazon.com/dp/B0721JWVKH/
634,B089D3SC49,MinimalPackagingSingleItem,https://www.amazon.com/dp/B089D3SC49/
635,B01G2IIZN2,MinimalPackagingSingleItem,https://www.amazon.com/dp/B01G2IIZN2/
636,B0954HB3QF,MinimalPackagingSingleItem,https://www.amazon.com/dp/B0954HB3QF/
637,B00NY40TBE,MinimalPackagingSingleItem,https://www.amazon.com/dp/B00NY40TBE/
638,B000AY23WY,MinimalPackagingSingleItem,https://www.amazon.com/dp/B000AY23WY/
639,B00YGQOTAQ,MinimalPackagingSingleItem,https://www.amazon.com/dp/B00YGQOTAQ/
640,B003GCMX5Y,MinimalPackagingSingleItem,https://www.amazon.com/dp/B003GCMX5Y/
641,B000A3TQUW,MinimalPackagingSingleItem,https://www.amazon.com/dp/B000A3TQUW/
642,B000GAUTYQ,MinimalPackagingSingleItem,https://www.amazon.com/dp/B000GAUTYQ/
643,B001D2T6I6,MinimalPackagingSingleItem,https://www.amazon.com/dp/B001D2T6I6/
644,B003JN7M38,MinimalPackagingSingleItem,https://www.amazon.com/dp/B003JN7M38/
645,B07Y4K7CW2,MinimalPackagingSingleItem,https://www.amazon.com/dp/B07Y4K7CW2/
646,B08WSH7TR2,MinimalPackagingSingleItem,https://www.amazon.com/dp/B08WSH7TR2/
647,B09TZHJ4DS,MinimalPackagingSingleItem,https://www.amazon.com/dp/B09TZHJ4DS/
648,B000KNJQ98,MinimalPackagingSingleItem,https://www.amazon.com/dp/B000KNJQ98/
649,B000E7SULU,MinimalPackagingSingleItem,https://www.amazon.com/dp/B000E7SULU/
650,B00DFO2CD6,MinimalPackagingSingleItem,https://www.amazon.com/dp/B00DFO2CD6/
651,B001SBJIA8,MinimalPackagingSingleItem,https://www.amazon.com/dp/B001SBJIA8/
652,B09WHSH8ZV,MinimalPackagingSingleItem,https://www.amazon.com/dp/B09WHSH8ZV/
653,B07NHK8YC9,MinimalPackagingSingleItem,https://www.amazon.com/dp/B07NHK8YC9/
654,B084G8GNBY,MinimalPackagingSingleItem,https://www.amazon.com/dp/B084G8GNBY/
655,B001NZWLH6,MinimalPackagingSingleItem,https://www.amazon.com/dp/B001NZWLH6/
656,B07C4D3JPK,MinimalPackagingSingleItem,https://www.amazon.com/dp/B07C4D3JPK/
657,B07M6S8JFY,MinimalPackagingSingleItem,https://www.amazon.com/dp/B07M6S8JFY/
658,B08LNBH522,MinimalPackagingSingleItem,https://www.amazon.com/dp/B08LNBH522/
659,B000C34KUG,MinimalPackagingSingleItem,https://www.amazon.com/dp/B000C34KUG/
660,B0027A397C,MinimalPackagingSingleItem,https://www.amazon.com/dp/B0027A397C/
661,B09MYTMZ9M,MinimalPackagingSingleItem,https://www.amazon.com/dp/B09MYTMZ9M/
662,B09CRY4C49,MinimalPackagingSingleItem,https://www.amazon.com/dp/B09CRY4C49/
663,B09P3RGQR7,MinimalPackagingSingleItem,https://www.amazon.com/dp/B09P3RGQR7/
664,B08SBJQ91N,MinimalPackagingSingleItem,https://www.amazon.com/dp/B08SBJQ91N/
665,B000BQQWR8,MinimalPackagingSingleItem,https://www.amazon.com/dp/B000BQQWR8/
666,B09KN7X2VN,MinimalPackagingSingleItem,https://www.amazon.com/dp/B09KN7X2VN/
667,B078NMWH1Q,MinimalPackagingSingleItem,https://www.amazon.com/dp/B078NMWH1Q/
668,B084D15N3S,MinimalPackagingSingleItem,https://www.amazon.com/dp/B084D15N3S/
669,B0010P32E0,MinimalPackagingSingleItem,https://www.amazon.com/dp/B0010P32E0/
670,B003O2RXM4,MinimalPackagingSingleItem,https://www.amazon.com/dp/B003O2RXM4/
671,B0843JSGHR,MinimalPackagingSingleItem,https://www.amazon.com/dp/B0843JSGHR/
672,B086Y5M9ZH,MinimalPackagingSingleItem,https://www.amazon.com/dp/B086Y5M9ZH/
673,B08P272JG8,MinimalPackagingSingleItem,https://www.amazon.com/dp/B08P272JG8/
674,B09B2LPTCF,MinimalPackagingSingleItem,https://www.amazon.com/dp/B09B2LPTCF/
675,B09SP43DCZ,MinimalPackagingSingleItem,https://www.amazon.com/dp/B09SP43DCZ/
676,B016AO9GYU,MinimalPackagingSingleItem,https://www.amazon.com/dp/B016AO9GYU/
677,B07W4XJ184,MinimalPackagingSingleItem,https://www.amazon.com/dp/B07W4XJ184/
678,B07XBM8M3X,MinimalPackagingSingleItem,https://www.amazon.com/dp/B07XBM8M3X/
679,B07SZ8P28Y,MinimalPackagingSingleItem,https://www.amazon.com/dp/B07SZ8P28Y/
680,B000JKONAO,MinimalPackagingSingleItem,https://www.amazon.com/dp/B000JKONAO/
681,B004BAKJPQ,MinimalPackagingSingleItem,https://www.amazon.com/dp/B004BAKJPQ/
682,B08BDXM3YP,MinimalPackagingSingleItem,https://www.amazon.com/dp/B08BDXM3YP/
683,B08TLXQHK6,MinimalPackagingSingleItem,https://www.amazon.com/dp/B08TLXQHK6/
684,B00006ICU0,MinimalPackagingSingleItem,https://www.amazon.com/dp/B00006ICU0/
685,B085Z4SB6R,MinimalPackagingSingleItem,https://www.amazon.com/dp/B085Z4SB6R/
686,B088KT5GP1,MinimalPackagingSingleItem,https://www.amazon.com/dp/B088KT5GP1/
687,B08QM1Z2RT,MinimalPackagingSingleItem,https://www.amazon.com/dp/B08QM1Z2RT/
688,B00A9ZM3O2,MinimalPackagingSingleItem,https://www.amazon.com/dp/B00A9ZM3O2/
689,B0009VOSOE,MinimalPackagingSingleItem,https://www.amazon.com/dp/B0009VOSOE/
690,B001LUKXUU,MinimalPackagingSingleItem,https://www.amazon.com/dp/B001LUKXUU/
691,B08XGD6ZLR,MinimalPackagingSingleItem,https://www.amazon.com/dp/B08XGD6ZLR/
692,B07Q41CS8S,MinimalPackagingSingleItem,https://www.amazon.com/dp/B07Q41CS8S/
693,B07933CTQH,MinimalPackagingSingleItem,https://www.amazon.com/dp/B07933CTQH/
694,B019C23J6I,MinimalPackagingSingleItem,https://www.amazon.com/dp/B019C23J6I/
695,B086B9S6G7,MinimalPackagingSingleItem,https://www.amazon.com/dp/B086B9S6G7/
696,B08FP9R4CR,MinimalPackagingSingleItem,https://www.amazon.com/dp/B08FP9R4CR/
697,B08T5WXKPZ,MinimalPackagingSingleItem,https://www.amazon.com/dp/B08T5WXKPZ/
698,B000JNNWQ2,MinimalPackagingSingleItem,https://www.amazon.com/dp/B000JNNWQ2/
699,B08WV2W72B,MinimalPackagingSingleItem,https://www.amazon.com/dp/B08WV2W72B/
700,B00ILD5846,Evil Items,https://www.amazon.com/dp/B00ILD5846/
701,B00004OCIP,Evil Items,https://www.amazon.com/dp/B00004OCIP/
702,B07M9D43BN,Evil Items,https://www.amazon.com/dp/B07M9D43BN/
703,B075QFCP5W,Evil Items,https://www.amazon.com/dp/B075QFCP5W/
704,B07PS5896H,Evil Items,https://www.amazon.com/dp/B07PS5896H/
705,B001B4X7T0,Evil Items,https://www.amazon.com/dp/B001B4X7T0/
706,B0041KEUJM,Evil Items,https://www.amazon.com/dp/B0041KEUJM/
707,B078Y9N84S,Evil Items,https://www.amazon.com/dp/B078Y9N84S/
708,B00838JF6G,Evil Items,https://www.amazon.com/dp/B00838JF6G/
709,B07T91PQ4R,Evil Items,https://www.amazon.com/dp/B07T91PQ4R/
710,B0006Z3LCS,Evil Items,https://www.amazon.com/dp/B0006Z3LCS/
711,B07RPCFSNK,Evil Items,https://www.amazon.com/dp/B07RPCFSNK/
712,B00NCMMNZS,Evil Items,https://www.amazon.com/dp/B00NCMMNZS/
713,B008N82D2E,Evil Items,https://www.amazon.com/dp/B008N82D2E/
714,B077YXSCPT,Evil Items,https://www.amazon.com/dp/B077YXSCPT/
